Raw Topic,Title Tag,URL Slug,Meta Description,Section,Macro Context,Content Type,Priority,Status,Name Count Target
Cleaning + Business Names,1000+ Cleaning Business Names: Creative & Catchy Ideas [2026],/business-names/cleaning,"Find the perfect cleaning business name. 1000+ creative, unique, and catchy name ideas.",Core,A. Industry Names,Industry Name Page,HIGH,Existing (optimize),1000+
Construction + Business Names,1000+ Construction Business Names: Creative & Catchy Ideas [2026],/business-names/construction,"Find the perfect construction business name. 1000+ creative, unique, and catchy name ideas.",Core,A. Industry Names,Industry Name Page,HIGH,Existing (redo),1000+
Embroidery + Business Names,1000+ Embroidery Business Names: Creative & Catchy Ideas [2026],/business-names/embroidery,"Find the perfect embroidery business name. 1000+ creative, unique, and catchy name ideas.",Core,A. Industry Names,Industry Name Page,HIGH,Existing (update),1000+
Stationery + Business Names,1000+ Stationery Business Names: Creative & Catchy Ideas [2026],/business-names/stationery,"Find the perfect stationery business name. 1000+ creative, unique, and catchy name ideas.",Core,A. Industry Names,Industry Name Page,HIGH,Existing (update),1000+
Sewing + Business Names,1000+ Sewing Business Names: Creative & Catchy Ideas [2026],/business-names/sewing,"Find the perfect sewing business name. 1000+ creative, unique, and catchy name ideas.",Core,A. Industry Names,Industry Name Page,HIGH,Existing (update),1000+
Crystal + Business Names,1000+ Crystal Business Names: Creative & Catchy Ideas [2026],/business-names/crystal,"Find the perfect crystal business name. 1000+ creative, unique, and catchy name ideas.",Core,A. Industry Names,Industry Name Page,HIGH,Existing (update),1000+
Jewelry + Business Names,1000+ Jewelry Business Names: Creative & Catchy Ideas [2026],/business-names/jewelry,"Find the perfect jewelry business name. 1000+ creative, unique, and catchy name ideas.",Core,A. Industry Names,Industry Name Page,HIGH,Existing (redo),1000+
Photography + Business Names,1000+ Photography Business Names: Creative & Catchy Ideas [2026],/business-names/photography,"Find the perfect photography business name. 1000+ creative, unique, and catchy name ideas.",Core,A. Industry Names,Industry Name Page,HIGH,Existing (redo),1000+
Craft + Business Names,1000+ Craft Business Names: Creative & Catchy Ideas [2026],/business-names/craft,"Find the perfect craft business name. 1000+ creative, unique, and catchy name ideas.",Core,A. Industry Names,Industry Name Page,HIGH,Existing (redo),1000+
Boutique + Business Names,1000+ Boutique Business Names: Creative & Catchy Ideas [2026],/business-names/boutique,"Find the perfect boutique business name. 1000+ creative, unique, and catchy name ideas.",Core,A. Industry Names,Industry Name Page,HIGH,Existing (redo),1000+
Flower Shop + Business Names,1000+ Flower Shop Business Names: Creative & Catchy Ideas [2026],/business-names/flower-shop,"Find the perfect flower shop business name. 1000+ creative, unique, and catchy name ideas.",Core,A. Industry Names,Industry Name Page,HIGH,Existing (redo),1000+
Crochet + Business Names,1000+ Crochet Business Names: Creative & Catchy Ideas [2026],/business-names/crochet,"Find the perfect crochet business name. 1000+ creative, unique, and catchy name ideas.",Core,A. Industry Names,Industry Name Page,MEDIUM,Existing (optimize),1000+
Food Truck + Business Names,1000+ Food Truck Business Names: Creative & Catchy Ideas [2026],/business-names/food-truck,"Find the perfect food truck business name. 1000+ creative, unique, and catchy name ideas.",Core,A. Industry Names,Industry Name Page,HIGH,Existing (redo),1000+
Candle + Business Names,1000+ Candle Business Names: Creative & Catchy Ideas [2026],/business-names/candle,"Find the perfect candle business name. 1000+ creative, unique, and catchy name ideas.",Core,A. Industry Names,Industry Name Page,HIGH,Existing (redo),1000+
Massage + Business Names,1000+ Massage Business Names: Creative & Catchy Ideas [2026],/business-names/massage,"Find the perfect massage business name. 1000+ creative, unique, and catchy name ideas.",Core,A. Industry Names,Industry Name Page,MEDIUM,Existing (optimize),1000+
Handyman + Business Names,1000+ Handyman Business Names: Creative & Catchy Ideas [2026],/business-names/handyman,"Find the perfect handyman business name. 1000+ creative, unique, and catchy name ideas.",Core,A. Industry Names,Industry Name Page,MEDIUM,Existing (update),1000+
Cookie + Business Names,1000+ Cookie Business Names: Creative & Catchy Ideas [2026],/business-names/cookie,"Find the perfect cookie business name. 1000+ creative, unique, and catchy name ideas.",Core,A. Industry Names,Industry Name Page,MEDIUM,Existing (update),1000+
Dessert + Business Names,1000+ Dessert Business Names: Creative & Catchy Ideas [2026],/business-names/dessert,"Find the perfect dessert business name. 1000+ creative, unique, and catchy name ideas.",Core,A. Industry Names,Industry Name Page,MEDIUM,Existing (update),1000+
Balloon + Business Names,1000+ Balloon Business Names: Creative & Catchy Ideas [2026],/business-names/balloon,"Find the perfect balloon business name. 1000+ creative, unique, and catchy name ideas.",Core,A. Industry Names,Industry Name Page,MEDIUM,Existing (update),1000+
Real Estate Team + Business Names,1000+ Real Estate Team Business Names: Creative & Catchy Ideas [2026],/business-names/real-estate-team,"Find the perfect real estate team business name. 1000+ creative, unique, and catchy name ideas.",Core,A. Industry Names,Industry Name Page,MEDIUM,Existing (optimize),1000+
Knitting + Business Names,1000+ Knitting Business Names: Creative & Catchy Ideas [2026],/business-names/knitting,"Find the perfect knitting business name. 1000+ creative, unique, and catchy name ideas.",Core,A. Industry Names,Industry Name Page,MEDIUM,Existing (update),1000+
Boho + Business Names,1000+ Boho Business Names: Creative & Catchy Ideas [2026],/business-names/boho,"Find the perfect boho business name. 1000+ creative, unique, and catchy name ideas.",Core,A. Industry Names,Industry Name Page,MEDIUM,Existing (update),1000+
Sister Business + Business Names,1000+ Sister Business Business Names: Creative & Catchy Ideas [2026],/business-names/sister-business,"Find the perfect sister business business name. 1000+ creative, unique, and catchy name ideas.",Core,A. Industry Names,Industry Name Page,MEDIUM,Existing (update),1000+
Lingerie Store + Business Names,1000+ Lingerie Store Business Names: Creative & Catchy Ideas [2026],/business-names/lingerie-store,"Find the perfect lingerie store business name. 1000+ creative, unique, and catchy name ideas.",Core,A. Industry Names,Industry Name Page,MEDIUM,Existing (update),1000+
Body Scrub + Business Names,1000+ Body Scrub Business Names: Creative & Catchy Ideas [2026],/business-names/body-scrub,"Find the perfect body scrub business name. 1000+ creative, unique, and catchy name ideas.",Core,A. Industry Names,Industry Name Page,MEDIUM,Existing (update),1000+
Body Sculpting + Business Names,1000+ Body Sculpting Business Names: Creative & Catchy Ideas [2026],/business-names/body-sculpting,"Find the perfect body sculpting business name. 1000+ creative, unique, and catchy name ideas.",Core,A. Industry Names,Industry Name Page,MEDIUM,Existing (update),1000+
Notary + Business Names,1000+ Notary Business Names: Creative & Catchy Ideas [2026],/business-names/notary,"Find the perfect notary business name. 1000+ creative, unique, and catchy name ideas.",Core,A. Industry Names,Industry Name Page,LOW,Existing (update),1000+
Tax + Business Names,1000+ Tax Business Names: Creative & Catchy Ideas [2026],/business-names/tax,"Find the perfect tax business name. 1000+ creative, unique, and catchy name ideas.",Core,A. Industry Names,Industry Name Page,LOW,Existing (update),1000+
Barber Shop + Business Names,1000+ Barber Shop Business Names: Creative & Catchy Ideas [2026],/business-names/barber-shop,"Find the perfect barber shop business name. 1000+ creative, unique, and catchy name ideas.",Core,A. Industry Names,Industry Name Page,MEDIUM,Existing (optimize),1000+
Ice Cream Truck + Business Names,1000+ Ice Cream Truck Business Names: Creative & Catchy Ideas [2026],/business-names/ice-cream-truck,"Find the perfect ice cream truck business name. 1000+ creative, unique, and catchy name ideas.",Core,A. Industry Names,Industry Name Page,LOW,Existing (update),1000+
Sneaker Store + Business Names,1000+ Sneaker Store Business Names: Creative & Catchy Ideas [2026],/business-names/sneaker-store,"Find the perfect sneaker store business name. 1000+ creative, unique, and catchy name ideas.",Core,A. Industry Names,Industry Name Page,LOW,Existing (redo),1000+
Earring + Business Names,1000+ Earring Business Names: Creative & Catchy Ideas [2026],/business-names/earring,"Find the perfect earring business name. 1000+ creative, unique, and catchy name ideas.",Core,A. Industry Names,Industry Name Page,LOW,Existing (update),1000+
Handmade Jewelry + Business Names,1000+ Handmade Jewelry Business Names: Creative & Catchy Ideas [2026],/business-names/handmade-jewelry,"Find the perfect handmade jewelry business name. 1000+ creative, unique, and catchy name ideas.",Core,A. Industry Names,Industry Name Page,MEDIUM,Existing (redo),1000+
Therapy + Business Names,1000+ Therapy Business Names: Creative & Catchy Ideas [2026],/business-names/therapy,"Find the perfect therapy business name. 1000+ creative, unique, and catchy name ideas.",Core,A. Industry Names,Industry Name Page,MEDIUM,Existing (redo),1000+
Slime + Business Names,1000+ Slime Business Names: Creative & Catchy Ideas [2026],/business-names/slime,"Find the perfect slime business name. 1000+ creative, unique, and catchy name ideas.",Core,A. Industry Names,Industry Name Page,LOW,Existing (update),1000+
Roofing + Business Names,1000+ Roofing Business Names: Creative & Catchy Ideas [2026],/business-names/roofing,"Find the perfect roofing business name. 1000+ creative, unique, and catchy name ideas.",Core,A. Industry Names,Industry Name Page,MEDIUM,Existing (redo),1000+
Bookkeeping + Business Names,1000+ Bookkeeping Business Names: Creative & Catchy Ideas [2026],/business-names/bookkeeping,"Find the perfect bookkeeping business name. 1000+ creative, unique, and catchy name ideas.",Core,A. Industry Names,Industry Name Page,MEDIUM,Existing (redo),1000+
Hair + Business Names,1000+ Hair Business Names: Creative & Catchy Ideas [2026],/business-names/hair,"Find the perfect hair business name. 1000+ creative, unique, and catchy name ideas.",Core,A. Industry Names,Industry Name Page,MEDIUM,Existing (redo),1000+
Lip Gloss + Business Names,1000+ Lip Gloss Business Names: Creative & Catchy Ideas [2026],/business-names/lip-gloss,"Find the perfect lip gloss business name. 1000+ creative, unique, and catchy name ideas.",Core,A. Industry Names,Industry Name Page,LOW,Existing (redo),1000+
Esthetician + Business Names,1000+ Esthetician Business Names: Creative & Catchy Ideas [2026],/business-names/esthetician,"Find the perfect esthetician business name. 1000+ creative, unique, and catchy name ideas.",Core,A. Industry Names,Industry Name Page,MEDIUM,Existing (redo),1000+
Babysitting + Business Names,1000+ Babysitting Business Names: Creative & Catchy Ideas [2026],/business-names/babysitting,"Find the perfect babysitting business name. 1000+ creative, unique, and catchy name ideas.",Core,A. Industry Names,Industry Name Page,LOW,Existing (redo),1000+
Lawn Care + Business Names,1000+ Lawn Care Business Names: Creative & Catchy Ideas [2026],/business-names/lawn-care,"Find the perfect lawn care business name. 1000+ creative, unique, and catchy name ideas.",Core,A. Industry Names,Industry Name Page,MEDIUM,Existing (redo),1000+
Art + Business Names,1000+ Art Business Names: Creative & Catchy Ideas [2026],/business-names/art,"Find the perfect art business name. 1000+ creative, unique, and catchy name ideas.",Core,A. Industry Names,Industry Name Page,MEDIUM,Existing (redo),1000+
Lucky Business + Business Names,1000+ Lucky Business Business Names: Creative & Catchy Ideas [2026],/business-names/lucky-business,"Find the perfect lucky business business name. 1000+ creative, unique, and catchy name ideas.",Core,A. Industry Names,Industry Name Page,LOW,Existing (update),1000+
Taco Truck + Business Names,1000+ Taco Truck Business Names: Creative & Catchy Ideas [2026],/business-names/taco-truck,"Find the perfect taco truck business name. 1000+ creative, unique, and catchy name ideas.",Core,A. Industry Names,Industry Name Page,MEDIUM,Existing (redo),1000+
Pressure Washing + Business Names,1000+ Pressure Washing Business Names: Creative & Catchy Ideas [2026],/business-names/pressure-washing,"Find the perfect pressure washing business name. 1000+ creative, unique, and catchy name ideas.",Core,A. Industry Names,Industry Name Page,LOW,Existing (update),1000+
House Cleaning + Business Names,1000+ House Cleaning Business Names: Creative & Catchy Ideas [2026],/business-names/house-cleaning,"Find the perfect house cleaning business name. 1000+ creative, unique, and catchy name ideas.",Core,A. Industry Names,Industry Name Page,MEDIUM,Existing (redirect to cleaning),1000+
Virtual Assistant + Business Names,1000+ Virtual Assistant Business Names: Creative & Catchy Ideas [2026],/business-names/virtual-assistant,"Find the perfect virtual assistant business name. 1000+ creative, unique, and catchy name ideas.",Core,A. Industry Names,Industry Name Page,LOW,Existing (update),1000+
Girly Business + Business Names,1000+ Girly Business Business Names: Creative & Catchy Ideas [2026],/business-names/girly-business,"Find the perfect girly business business name. 1000+ creative, unique, and catchy name ideas.",Core,A. Industry Names,Industry Name Page,HIGH,Existing (update),1000+
Girly Instagram + Business Names,1000+ Girly Instagram Business Names: Creative & Catchy Ideas [2026],/business-names/girly-instagram,"Find the perfect girly instagram business name. 1000+ creative, unique, and catchy name ideas.",Core,A. Industry Names,Industry Name Page,HIGH,Existing (update),1000+
Bakery + Business Names,1000+ Bakery Business Names: Creative & Catchy Ideas [2026],/business-names/bakery,"Find the perfect bakery business name. 1000+ creative, unique, and catchy name ideas.",Core,A. Industry Names,Industry Name Page,HIGH,New,1000+
Salon + Business Names,1000+ Salon Business Names: Creative & Catchy Ideas [2026],/business-names/salon,"Find the perfect salon business name. 1000+ creative, unique, and catchy name ideas.",Core,A. Industry Names,Industry Name Page,HIGH,New,1000+
Fitness + Business Names,1000+ Fitness Business Names: Creative & Catchy Ideas [2026],/business-names/fitness,"Find the perfect fitness business name. 1000+ creative, unique, and catchy name ideas.",Core,A. Industry Names,Industry Name Page,HIGH,New,1000+
Clothing + Business Names,1000+ Clothing Business Names: Creative & Catchy Ideas [2026],/business-names/clothing,"Find the perfect clothing business name. 1000+ creative, unique, and catchy name ideas.",Core,A. Industry Names,Industry Name Page,HIGH,New,1000+
Coffee Shop + Business Names,1000+ Coffee Shop Business Names: Creative & Catchy Ideas [2026],/business-names/coffee-shop,"Find the perfect coffee shop business name. 1000+ creative, unique, and catchy name ideas.",Core,A. Industry Names,Industry Name Page,HIGH,New,1000+
Pet + Business Names,1000+ Pet Business Names: Creative & Catchy Ideas [2026],/business-names/pet,"Find the perfect pet business name. 1000+ creative, unique, and catchy name ideas.",Core,A. Industry Names,Industry Name Page,MEDIUM,New,1000+
Landscaping + Business Names,1000+ Landscaping Business Names: Creative & Catchy Ideas [2026],/business-names/landscaping,"Find the perfect landscaping business name. 1000+ creative, unique, and catchy name ideas.",Core,A. Industry Names,Industry Name Page,MEDIUM,New,1000+
Trucking + Business Names,1000+ Trucking Business Names: Creative & Catchy Ideas [2026],/business-names/trucking,"Find the perfect trucking business name. 1000+ creative, unique, and catchy name ideas.",Core,A. Industry Names,Industry Name Page,MEDIUM,New,1000+
Event Planning + Business Names,1000+ Event Planning Business Names: Creative & Catchy Ideas [2026],/business-names/event-planning,"Find the perfect event planning business name. 1000+ creative, unique, and catchy name ideas.",Core,A. Industry Names,Industry Name Page,MEDIUM,New,1000+
Interior Design + Business Names,1000+ Interior Design Business Names: Creative & Catchy Ideas [2026],/business-names/interior-design,"Find the perfect interior design business name. 1000+ creative, unique, and catchy name ideas.",Core,A. Industry Names,Industry Name Page,MEDIUM,New,1000+
Consulting + Business Names,1000+ Consulting Business Names: Creative & Catchy Ideas [2026],/business-names/consulting,"Find the perfect consulting business name. 1000+ creative, unique, and catchy name ideas.",Core,A. Industry Names,Industry Name Page,MEDIUM,New,1000+
Tech Startup + Business Names,1000+ Tech Startup Business Names: Creative & Catchy Ideas [2026],/business-names/tech-startup,"Find the perfect tech startup business name. 1000+ creative, unique, and catchy name ideas.",Core,A. Industry Names,Industry Name Page,MEDIUM,New,1000+
Restaurant + Business Names,1000+ Restaurant Business Names: Creative & Catchy Ideas [2026],/business-names/restaurant,"Find the perfect restaurant business name. 1000+ creative, unique, and catchy name ideas.",Core,A. Industry Names,Industry Name Page,HIGH,New,1000+
Nail Salon + Business Names,1000+ Nail Salon Business Names: Creative & Catchy Ideas [2026],/business-names/nail-salon,"Find the perfect nail salon business name. 1000+ creative, unique, and catchy name ideas.",Core,A. Industry Names,Industry Name Page,MEDIUM,New,1000+
Tutoring + Business Names,1000+ Tutoring Business Names: Creative & Catchy Ideas [2026],/business-names/tutoring,"Find the perfect tutoring business name. 1000+ creative, unique, and catchy name ideas.",Core,A. Industry Names,Industry Name Page,LOW,New,1000+
Plumbing + Business Names,1000+ Plumbing Business Names: Creative & Catchy Ideas [2026],/business-names/plumbing,"Find the perfect plumbing business name. 1000+ creative, unique, and catchy name ideas.",Core,A. Industry Names,Industry Name Page,MEDIUM,New,1000+
Electrician + Business Names,1000+ Electrician Business Names: Creative & Catchy Ideas [2026],/business-names/electrician,"Find the perfect electrician business name. 1000+ creative, unique, and catchy name ideas.",Core,A. Industry Names,Industry Name Page,LOW,New,1000+
Car Wash + Business Names,1000+ Car Wash Business Names: Creative & Catchy Ideas [2026],/business-names/car-wash,"Find the perfect car wash business name. 1000+ creative, unique, and catchy name ideas.",Core,A. Industry Names,Industry Name Page,MEDIUM,New,1000+
Daycare + Business Names,1000+ Daycare Business Names: Creative & Catchy Ideas [2026],/business-names/daycare,"Find the perfect daycare business name. 1000+ creative, unique, and catchy name ideas.",Core,A. Industry Names,Industry Name Page,MEDIUM,New,1000+
Catering + Business Names,1000+ Catering Business Names: Creative & Catchy Ideas [2026],/business-names/catering,"Find the perfect catering business name. 1000+ creative, unique, and catchy name ideas.",Core,A. Industry Names,Industry Name Page,MEDIUM,New,1000+
Laundry + Business Names,1000+ Laundry Business Names: Creative & Catchy Ideas [2026],/business-names/laundry,"Find the perfect laundry business name. 1000+ creative, unique, and catchy name ideas.",Core,A. Industry Names,Industry Name Page,LOW,New,1000+
Tattoo + Business Names,1000+ Tattoo Business Names: Creative & Catchy Ideas [2026],/business-names/tattoo,"Find the perfect tattoo business name. 1000+ creative, unique, and catchy name ideas.",Core,A. Industry Names,Industry Name Page,LOW,New,1000+
Yoga Studio + Business Names,1000+ Yoga Studio Business Names: Creative & Catchy Ideas [2026],/business-names/yoga-studio,"Find the perfect yoga studio business name. 1000+ creative, unique, and catchy name ideas.",Core,A. Industry Names,Industry Name Page,MEDIUM,New,1000+
Real Estate + Business Names,1000+ Real Estate Business Names: Creative & Catchy Ideas [2026],/business-names/real-estate,"Find the perfect real estate business name. 1000+ creative, unique, and catchy name ideas.",Core,A. Industry Names,Industry Name Page,MEDIUM,New,1000+
Wedding Planning + Business Names,1000+ Wedding Planning Business Names: Creative & Catchy Ideas [2026],/business-names/wedding-planning,"Find the perfect wedding planning business name. 1000+ creative, unique, and catchy name ideas.",Core,A. Industry Names,Industry Name Page,MEDIUM,New,1000+
Instagram + Usernames Boys,1000+ Instagram Usernames for Boys: Cool & Creative [2026],/instagram-names/boys,"Best Instagram usernames for boys. 1000+ cool, creative, and unique ideas.",Core,B. Social Media: Instagram,Platform Name Page,HIGH,Existing (update),1000+
Instagram + Usernames Girls,1000+ Instagram Usernames for Girls: Cool & Creative [2026],/instagram-names/girls,"Best Instagram usernames for girls. 1000+ cool, creative, and unique ideas.",Core,B. Social Media: Instagram,Platform Name Page,HIGH,Existing (update),1000+
Instagram + Usernames Girly/Aesthetic,1000+ Instagram Usernames for Girly/Aesthetic: Cool & Creative [2026],/instagram-names/girly-aesthetic,"Best Instagram usernames for girly/aesthetic. 1000+ cool, creative, and unique ideas.",Core,B. Social Media: Instagram,Platform Name Page,HIGH,Existing (update),1000+
Instagram + Usernames Attitude Boys,1000+ Instagram Usernames for Attitude Boys: Cool & Creative [2026],/instagram-names/attitude-boys,"Best Instagram usernames for attitude boys. 1000+ cool, creative, and unique ideas.",Core,B. Social Media: Instagram,Platform Name Page,HIGH,New,1000+
Instagram + Usernames Couples,1000+ Instagram Usernames for Couples: Cool & Creative [2026],/instagram-names/couples,"Best Instagram usernames for couples. 1000+ cool, creative, and unique ideas.",Core,B. Social Media: Instagram,Platform Name Page,MEDIUM,New,1000+
Instagram + Usernames Business,1000+ Instagram Usernames for Business: Cool & Creative [2026],/instagram-names/business,"Best Instagram usernames for business. 1000+ cool, creative, and unique ideas.",Core,B. Social Media: Instagram,Platform Name Page,MEDIUM,New,1000+
Instagram + Usernames Aesthetic,1000+ Instagram Usernames for Aesthetic: Cool & Creative [2026],/instagram-names/aesthetic,"Best Instagram usernames for aesthetic. 1000+ cool, creative, and unique ideas.",Core,B. Social Media: Instagram,Platform Name Page,MEDIUM,New,1000+
Instagram + Usernames Funny,1000+ Instagram Usernames for Funny: Cool & Creative [2026],/instagram-names/funny,"Best Instagram usernames for funny. 1000+ cool, creative, and unique ideas.",Core,B. Social Media: Instagram,Platform Name Page,MEDIUM,New,1000+
Instagram + Usernames Korean Style,1000+ Instagram Usernames for Korean Style: Cool & Creative [2026],/instagram-names/korean-style,"Best Instagram usernames for korean style. 1000+ cool, creative, and unique ideas.",Core,B. Social Media: Instagram,Platform Name Page,LOW,New,1000+
Instagram + Usernames Dark/Emo,1000+ Instagram Usernames for Dark/Emo: Cool & Creative [2026],/instagram-names/dark-emo,"Best Instagram usernames for dark/emo. 1000+ cool, creative, and unique ideas.",Core,B. Social Media: Instagram,Platform Name Page,LOW,New,1000+
Instagram + Usernames One-Word,1000+ Instagram Usernames for One-Word: Cool & Creative [2026],/instagram-names/one-word,"Best Instagram usernames for one-word. 1000+ cool, creative, and unique ideas.",Core,B. Social Media: Instagram,Platform Name Page,MEDIUM,New,1000+
TikTok + Usernames,500+ TikTok Username Ideas: Creative & Catchy,/tiktok-names,Find the perfect TikTok username. 500+ creative and unique handle ideas.,Core,B. Social Media: TikTok,Platform Name Page,MEDIUM,New,500+
YouTube + Usernames,500+ YouTube Username Ideas: Creative & Catchy,/youtube-names,Find the perfect YouTube username. 500+ creative and unique handle ideas.,Core,B. Social Media: YouTube,Platform Name Page,MEDIUM,New,500+
Discord + Usernames,500+ Discord Username Ideas: Creative & Catchy,/discord-names,Find the perfect Discord username. 500+ creative and unique handle ideas.,Core,B. Social Media: Discord,Platform Name Page,MEDIUM,New,500+
Gaming + Usernames,500+ Gaming Username Ideas: Creative & Catchy,/gaming-names,Find the perfect Gaming username. 500+ creative and unique handle ideas.,Core,B. Social Media: Gaming,Platform Name Page,MEDIUM,New,500+
Twitter/X + Usernames,500+ Twitter/X Username Ideas: Creative & Catchy,/twitter-names,Find the perfect Twitter/X username. 500+ creative and unique handle ideas.,Core,B. Social Media: Twitter/X,Platform Name Page,LOW,New,500+
Snapchat + Usernames,500+ Snapchat Username Ideas: Creative & Catchy,/snapchat-names,Find the perfect Snapchat username. 500+ creative and unique handle ideas.,Core,B. Social Media: Snapchat,Platform Name Page,LOW,New,500+
Pinterest + Usernames,500+ Pinterest Username Ideas: Creative & Catchy,/pinterest-names,Find the perfect Pinterest username. 500+ creative and unique handle ideas.,Core,B. Social Media: Pinterest,Platform Name Page,LOW,New,500+
Football + Team Names,"700+ Football Team Names: Funny, Cool & Creative Ideas",/team-names/football,"Find the perfect football team name. 700+ funny, cool, and creative ideas.",Core,C. Team Names: Sports,Team Name Page,MEDIUM,New,700+
Basketball + Team Names,"700+ Basketball Team Names: Funny, Cool & Creative Ideas",/team-names/basketball,"Find the perfect basketball team name. 700+ funny, cool, and creative ideas.",Core,C. Team Names: Sports,Team Name Page,MEDIUM,New,700+
Soccer + Team Names,"700+ Soccer Team Names: Funny, Cool & Creative Ideas",/team-names/soccer,"Find the perfect soccer team name. 700+ funny, cool, and creative ideas.",Core,C. Team Names: Sports,Team Name Page,MEDIUM,New,700+
Volleyball + Team Names,"600+ Volleyball Team Names: Funny, Cool & Creative Ideas",/team-names/volleyball,"Find the perfect volleyball team name. 600+ funny, cool, and creative ideas.",Core,C. Team Names: Sports,Team Name Page,MEDIUM,New,600+
Dodgeball + Team Names,"600+ Dodgeball Team Names: Funny, Cool & Creative Ideas",/team-names/dodgeball,"Find the perfect dodgeball team name. 600+ funny, cool, and creative ideas.",Core,C. Team Names: Sports,Team Name Page,MEDIUM,New,600+
Bowling + Team Names,"600+ Bowling Team Names: Funny, Cool & Creative Ideas",/team-names/bowling,"Find the perfect bowling team name. 600+ funny, cool, and creative ideas.",Core,C. Team Names: Sports,Team Name Page,MEDIUM,New,600+
Softball + Team Names,"600+ Softball Team Names: Funny, Cool & Creative Ideas",/team-names/softball,"Find the perfect softball team name. 600+ funny, cool, and creative ideas.",Core,C. Team Names: Sports,Team Name Page,MEDIUM,New,600+
Running + Team Names,"500+ Running Team Names: Funny, Cool & Creative Ideas",/team-names/running,"Find the perfect running team name. 500+ funny, cool, and creative ideas.",Core,C. Team Names: Sports,Team Name Page,MEDIUM,New,500+
Swimming + Team Names,"500+ Swimming Team Names: Funny, Cool & Creative Ideas",/team-names/swimming,"Find the perfect swimming team name. 500+ funny, cool, and creative ideas.",Core,C. Team Names: Sports,Team Name Page,MEDIUM,New,500+
Cricket + Team Names,"500+ Cricket Team Names: Funny, Cool & Creative Ideas",/team-names/cricket,"Find the perfect cricket team name. 500+ funny, cool, and creative ideas.",Core,C. Team Names: Sports,Team Name Page,MEDIUM,New,500+
Baseball + Team Names,"600+ Baseball Team Names: Funny, Cool & Creative Ideas",/team-names/baseball,"Find the perfect baseball team name. 600+ funny, cool, and creative ideas.",Core,C. Team Names: Sports,Team Name Page,MEDIUM,New,600+
Hockey + Team Names,"500+ Hockey Team Names: Funny, Cool & Creative Ideas",/team-names/hockey,"Find the perfect hockey team name. 500+ funny, cool, and creative ideas.",Core,C. Team Names: Sports,Team Name Page,MEDIUM,New,500+
Tennis + Team Names,"500+ Tennis Team Names: Funny, Cool & Creative Ideas",/team-names/tennis,"Find the perfect tennis team name. 500+ funny, cool, and creative ideas.",Core,C. Team Names: Sports,Team Name Page,MEDIUM,New,500+
Golf + Team Names,"500+ Golf Team Names: Funny, Cool & Creative Ideas",/team-names/golf,"Find the perfect golf team name. 500+ funny, cool, and creative ideas.",Core,C. Team Names: Sports,Team Name Page,MEDIUM,New,500+
Work + Team Names,500+ Work Team Names: Professional & Creative Ideas,/team-names/work,"Find the perfect work team name. 500+ professional, fun, and creative ideas.",Core,C. Team Names: Work,Team Name Page,MEDIUM,New,500+
Office + Team Names,500+ Office Team Names: Professional & Creative Ideas,/team-names/office,"Find the perfect office team name. 500+ professional, fun, and creative ideas.",Core,C. Team Names: Work,Team Name Page,MEDIUM,New,500+
Sales + Team Names,500+ Sales Team Names: Professional & Creative Ideas,/team-names/sales,"Find the perfect sales team name. 500+ professional, fun, and creative ideas.",Core,C. Team Names: Work,Team Name Page,MEDIUM,New,500+
Marketing + Team Names,500+ Marketing Team Names: Professional & Creative Ideas,/team-names/marketing,"Find the perfect marketing team name. 500+ professional, fun, and creative ideas.",Core,C. Team Names: Work,Team Name Page,MEDIUM,New,500+
HR + Team Names,500+ HR Team Names: Professional & Creative Ideas,/team-names/hr,"Find the perfect hr team name. 500+ professional, fun, and creative ideas.",Core,C. Team Names: Work,Team Name Page,MEDIUM,New,500+
IT + Team Names,500+ IT Team Names: Professional & Creative Ideas,/team-names/it,"Find the perfect it team name. 500+ professional, fun, and creative ideas.",Core,C. Team Names: Work,Team Name Page,MEDIUM,New,500+
Engineering + Team Names,500+ Engineering Team Names: Professional & Creative Ideas,/team-names/engineering,"Find the perfect engineering team name. 500+ professional, fun, and creative ideas.",Core,C. Team Names: Work,Team Name Page,MEDIUM,New,500+
Finance + Team Names,500+ Finance Team Names: Professional & Creative Ideas,/team-names/finance,"Find the perfect finance team name. 500+ professional, fun, and creative ideas.",Core,C. Team Names: Work,Team Name Page,MEDIUM,New,500+
Trivia + Team Names,600+ Trivia Team Names: Funny & Clever Ideas,/team-names/trivia,"Best trivia team names. 600+ funny, clever, and creative ideas to stand out.",Core,C. Team Names: Fun & Events,Team Name Page,MEDIUM,New,600+
Cornhole + Team Names,600+ Cornhole Team Names: Funny & Clever Ideas,/team-names/cornhole,"Best cornhole team names. 600+ funny, clever, and creative ideas to stand out.",Core,C. Team Names: Fun & Events,Team Name Page,MEDIUM,New,600+
Pub Quiz + Team Names,600+ Pub Quiz Team Names: Funny & Clever Ideas,/team-names/pub-quiz,"Best pub quiz team names. 600+ funny, clever, and creative ideas to stand out.",Core,C. Team Names: Fun & Events,Team Name Page,MEDIUM,New,600+
Family + Team Names,600+ Family Team Names: Funny & Clever Ideas,/team-names/family,"Best family team names. 600+ funny, clever, and creative ideas to stand out.",Core,C. Team Names: Fun & Events,Team Name Page,MEDIUM,New,600+
Charity Walk + Team Names,600+ Charity Walk Team Names: Funny & Clever Ideas,/team-names/charity-walk,"Best charity walk team names. 600+ funny, clever, and creative ideas to stand out.",Core,C. Team Names: Fun & Events,Team Name Page,MEDIUM,New,600+
Relay Race + Team Names,600+ Relay Race Team Names: Funny & Clever Ideas,/team-names/relay-race,"Best relay race team names. 600+ funny, clever, and creative ideas to stand out.",Core,C. Team Names: Fun & Events,Team Name Page,MEDIUM,New,600+
Kickball + Team Names,600+ Kickball Team Names: Funny & Clever Ideas,/team-names/kickball,"Best kickball team names. 600+ funny, clever, and creative ideas to stand out.",Core,C. Team Names: Fun & Events,Team Name Page,MEDIUM,New,600+
Scavenger Hunt + Team Names,600+ Scavenger Hunt Team Names: Funny & Clever Ideas,/team-names/scavenger-hunt,"Best scavenger hunt team names. 600+ funny, clever, and creative ideas to stand out.",Core,C. Team Names: Fun & Events,Team Name Page,MEDIUM,New,600+
Group Names + 3 Friends,300+ Group Names for 3 Friends: Creative Ideas,/group-names/3-friends,Find the perfect group name for 3 friends. 300+ creative and unique ideas.,Core,C. Team Names: Group Names,Group Name Page,LOW,New,300+
Group Names + 4 Friends,300+ Group Names for 4 Friends: Creative Ideas,/group-names/4-friends,Find the perfect group name for 4 friends. 300+ creative and unique ideas.,Core,C. Team Names: Group Names,Group Name Page,LOW,New,300+
Group Names + 5 Friends,300+ Group Names for 5 Friends: Creative Ideas,/group-names/5-friends,Find the perfect group name for 5 friends. 300+ creative and unique ideas.,Core,C. Team Names: Group Names,Group Name Page,LOW,New,300+
Group Names + Bible Study,300+ Group Names for Bible Study: Creative Ideas,/group-names/bible-study,Find the perfect group name for bible study. 300+ creative and unique ideas.,Core,C. Team Names: Group Names,Group Name Page,LOW,New,300+
Group Names + Book Club,300+ Group Names for Book Club: Creative Ideas,/group-names/book-club,Find the perfect group name for book club. 300+ creative and unique ideas.,Core,C. Team Names: Group Names,Group Name Page,LOW,New,300+
Group Names + Girls Chat,300+ Group Names for Girls Chat: Creative Ideas,/group-names/girls-chat,Find the perfect group name for girls chat. 300+ creative and unique ideas.,Core,C. Team Names: Group Names,Group Name Page,LOW,New,300+
Group Names + Boys Chat,300+ Group Names for Boys Chat: Creative Ideas,/group-names/boys-chat,Find the perfect group name for boys chat. 300+ creative and unique ideas.,Core,C. Team Names: Group Names,Group Name Page,LOW,New,300+
Group Names + Coworkers Chat,300+ Group Names for Coworkers Chat: Creative Ideas,/group-names/coworkers-chat,Find the perfect group name for coworkers chat. 300+ creative and unique ideas.,Core,C. Team Names: Group Names,Group Name Page,LOW,New,300+
Gaming + Team Names,500+ Gaming Team Names: Cool & Creative Ideas,/team-names/gaming,"Best gaming team names. 500+ cool, creative, and powerful ideas.",Core,C. Team Names: Gaming,Team Name Page,MEDIUM,New,500+
Esports + Team Names,500+ Esports Team Names: Cool & Creative Ideas,/team-names/esports,"Best esports team names. 500+ cool, creative, and powerful ideas.",Core,C. Team Names: Gaming,Team Name Page,MEDIUM,New,500+
Minecraft + Team Names,500+ Minecraft Team Names: Cool & Creative Ideas,/team-names/minecraft,"Best minecraft team names. 500+ cool, creative, and powerful ideas.",Core,C. Team Names: Gaming,Team Name Page,MEDIUM,New,500+
Fortnite + Team Names,500+ Fortnite Team Names: Cool & Creative Ideas,/team-names/fortnite,"Best fortnite team names. 500+ cool, creative, and powerful ideas.",Core,C. Team Names: Gaming,Team Name Page,MEDIUM,New,500+
Valorant + Team Names,500+ Valorant Team Names: Cool & Creative Ideas,/team-names/valorant,"Best valorant team names. 500+ cool, creative, and powerful ideas.",Core,C. Team Names: Gaming,Team Name Page,MEDIUM,New,500+
Call of Duty + Team Names,500+ Call of Duty Team Names: Cool & Creative Ideas,/team-names/call-of-duty,"Best call of duty team names. 500+ cool, creative, and powerful ideas.",Core,C. Team Names: Gaming,Team Name Page,MEDIUM,New,500+
Apex Legends + Team Names,500+ Apex Legends Team Names: Cool & Creative Ideas,/team-names/apex-legends,"Best apex legends team names. 500+ cool, creative, and powerful ideas.",Core,C. Team Names: Gaming,Team Name Page,MEDIUM,New,500+
AI + Business Name Generator,Free AI Business Name Generator with Domain Check,/tools/business-name-generator,Generate creative names instantly with our free AI business name generator. Check domain availability.,Core,D. AI Generators,Tool Page,HIGH,Existing (rebuild),N/A
AI + Instagram Name Generator,Free AI Instagram Name Generator with Domain Check,/tools/instagram-name-generator,Generate creative names instantly with our free AI instagram name generator. Check domain availability.,Core,D. AI Generators,Tool Page,HIGH,Existing (rebuild),N/A
AI + YouTube Channel Name Generator,Free AI YouTube Channel Name Generator with Domain Check,/tools/youtube-name-generator,Generate creative names instantly with our free AI youtube channel name generator. Check domain availability.,Core,D. AI Generators,Tool Page,MEDIUM,New,N/A
AI + TikTok Username Generator,Free AI TikTok Username Generator with Domain Check,/tools/tiktok-name-generator,Generate creative names instantly with our free AI tiktok username generator. Check domain availability.,Core,D. AI Generators,Tool Page,MEDIUM,New,N/A
AI + Discord Server Name Generator,Free AI Discord Server Name Generator with Domain Check,/tools/discord-name-generator,Generate creative names instantly with our free AI discord server name generator. Check domain availability.,Core,D. AI Generators,Tool Page,MEDIUM,New,N/A
AI + Gaming Username Generator,Free AI Gaming Username Generator with Domain Check,/tools/gaming-name-generator,Generate creative names instantly with our free AI gaming username generator. Check domain availability.,Core,D. AI Generators,Tool Page,MEDIUM,New,N/A
AI + Team Name Generator,Free AI Team Name Generator with Domain Check,/tools/team-name-generator,Generate creative names instantly with our free AI team name generator. Check domain availability.,Core,D. AI Generators,Tool Page,MEDIUM,New,N/A
AI + Slogan Generator,Free AI Slogan Generator with Domain Check,/tools/slogan-generator,Generate creative names instantly with our free AI slogan generator. Check domain availability.,Core,D. AI Generators,Tool Page,MEDIUM,New,N/A
AI + Restaurant Name Generator,Free AI Restaurant Name Generator with Domain Check,/tools/restaurant-name-generator,Generate creative names instantly with our free AI restaurant name generator. Check domain availability.,Core,D. AI Generators,Tool Page,MEDIUM,New,N/A
AI + Salon Name Generator,Free AI Salon Name Generator with Domain Check,/tools/salon-name-generator,Generate creative names instantly with our free AI salon name generator. Check domain availability.,Core,D. AI Generators,Tool Page,MEDIUM,New,N/A
AI + Cleaning Business Name Generator,Free AI Cleaning Business Name Generator with Domain Check,/tools/cleaning-name-generator,Generate creative names instantly with our free AI cleaning business name generator. Check domain availability.,Core,D. AI Generators,Tool Page,HIGH,New,N/A
AI + Bakery Name Generator,Free AI Bakery Name Generator with Domain Check,/tools/bakery-name-generator,Generate creative names instantly with our free AI bakery name generator. Check domain availability.,Core,D. AI Generators,Tool Page,MEDIUM,New,N/A
AI + Brand Name Generator,Free AI Brand Name Generator with Domain Check,/tools/brand-name-generator,Generate creative names instantly with our free AI brand name generator. Check domain availability.,Core,D. AI Generators,Tool Page,MEDIUM,New,N/A
AI + Shop Name Generator,Free AI Shop Name Generator with Domain Check,/tools/shop-name-generator,Generate creative names instantly with our free AI shop name generator. Check domain availability.,Core,D. AI Generators,Tool Page,MEDIUM,New,N/A
AI + Boutique Name Generator,Free AI Boutique Name Generator with Domain Check,/tools/boutique-name-generator,Generate creative names instantly with our free AI boutique name generator. Check domain availability.,Core,D. AI Generators,Tool Page,MEDIUM,New,N/A
AI + Coffee Shop Name Generator,Free AI Coffee Shop Name Generator with Domain Check,/tools/coffee-shop-name-generator,Generate creative names instantly with our free AI coffee shop name generator. Check domain availability.,Core,D. AI Generators,Tool Page,MEDIUM,New,N/A
AI + Food Truck Name Generator,Free AI Food Truck Name Generator with Domain Check,/tools/food-truck-name-generator,Generate creative names instantly with our free AI food truck name generator. Check domain availability.,Core,D. AI Generators,Tool Page,MEDIUM,New,N/A
AI + Photography Name Generator,Free AI Photography Name Generator with Domain Check,/tools/photography-name-generator,Generate creative names instantly with our free AI photography name generator. Check domain availability.,Core,D. AI Generators,Tool Page,MEDIUM,New,N/A
Jewelry + Slogans,Catchy Jewelry Slogans & Taglines That Sell [2026],/slogans/jewelry,Best jewelry slogans and taglines. Perfect for marketing and branding.,Core,E. Slogans & Taglines,Slogan Page,MEDIUM,Existing (update),200+
Cleaning + Slogans,Catchy Cleaning Slogans & Taglines That Sell [2026],/slogans/cleaning,Best cleaning slogans and taglines. Perfect for marketing and branding.,Core,E. Slogans & Taglines,Slogan Page,MEDIUM,New,200+
Bakery + Slogans,Catchy Bakery Slogans & Taglines That Sell [2026],/slogans/bakery,Best bakery slogans and taglines. Perfect for marketing and branding.,Core,E. Slogans & Taglines,Slogan Page,MEDIUM,New,200+
Fitness + Slogans,Catchy Fitness Slogans & Taglines That Sell [2026],/slogans/fitness,Best fitness slogans and taglines. Perfect for marketing and branding.,Core,E. Slogans & Taglines,Slogan Page,MEDIUM,New,200+
Photography + Slogans,Catchy Photography Slogans & Taglines That Sell [2026],/slogans/photography,Best photography slogans and taglines. Perfect for marketing and branding.,Core,E. Slogans & Taglines,Slogan Page,MEDIUM,New,200+
Real Estate + Slogans,Catchy Real Estate Slogans & Taglines That Sell [2026],/slogans/real-estate,Best real estate slogans and taglines. Perfect for marketing and branding.,Core,E. Slogans & Taglines,Slogan Page,MEDIUM,New,200+
Restaurant + Slogans,Catchy Restaurant Slogans & Taglines That Sell [2026],/slogans/restaurant,Best restaurant slogans and taglines. Perfect for marketing and branding.,Core,E. Slogans & Taglines,Slogan Page,MEDIUM,New,200+
Salon + Slogans,Catchy Salon Slogans & Taglines That Sell [2026],/slogans/salon,Best salon slogans and taglines. Perfect for marketing and branding.,Core,E. Slogans & Taglines,Slogan Page,MEDIUM,New,200+
Construction + Slogans,Catchy Construction Slogans & Taglines That Sell [2026],/slogans/construction,Best construction slogans and taglines. Perfect for marketing and branding.,Core,E. Slogans & Taglines,Slogan Page,MEDIUM,New,200+
General Business + Slogans,Catchy General Business Slogans & Taglines That Sell [2026],/slogans/general-business,Best general business slogans and taglines. Perfect for marketing and branding.,Core,E. Slogans & Taglines,Slogan Page,MEDIUM,New,200+
Coffee Shop + Slogans,Catchy Coffee Shop Slogans & Taglines That Sell [2026],/slogans/coffee-shop,Best coffee shop slogans and taglines. Perfect for marketing and branding.,Core,E. Slogans & Taglines,Slogan Page,MEDIUM,New,200+
Pet + Slogans,Catchy Pet Slogans & Taglines That Sell [2026],/slogans/pet,Best pet slogans and taglines. Perfect for marketing and branding.,Core,E. Slogans & Taglines,Slogan Page,MEDIUM,New,200+
How to Name a Business,How to Name a Business: Complete 2026 Guide,/guides/how-to-name-a-business,How to Name a Business: Complete 2026 Guide. Expert tips and practical advice.,Outer,F. Educational Guides,Guide Article,MEDIUM,New,N/A
How to Check if a Business Name is Available,How to Check if a Business Name is Available,/guides/check-business-name-availability,How to Check if a Business Name is Available. Expert tips and practical advice.,Outer,F. Educational Guides,Guide Article,MEDIUM,New,N/A
Business Name Psychology,Business Name Psychology: What Makes a Name Memorable,/guides/business-name-psychology,Business Name Psychology: What Makes a Name Memorable. Expert tips and practical advice.,Outer,F. Educational Guides,Guide Article,MEDIUM,New,N/A
Legal Guide to Naming Your Business,Legal Guide to Naming Your Business: Trademark & Registration,/guides/business-name-legal-guide,Legal Guide to Naming Your Business: Trademark & Registration. Expert tips and practical advice.,Outer,F. Educational Guides,Guide Article,MEDIUM,New,N/A
What is a DBA? Do Business As Name Explained,What is a DBA? Do Business As Name Explained,/guides/what-is-dba,What is a DBA? Do Business As Name Explained. Expert tips and practical advice.,Outer,F. Educational Guides,Guide Article,MEDIUM,New,N/A
How to Choose a Domain Name for Your Business,How to Choose a Domain Name for Your Business,/guides/choose-domain-name,How to Choose a Domain Name for Your Business. Expert tips and practical advice.,Outer,F. Educational Guides,Guide Article,MEDIUM,New,N/A
How to Rename Your Business,How to Rename Your Business: Rebranding Guide,/guides/how-to-rename-business,How to Rename Your Business: Rebranding Guide. Expert tips and practical advice.,Outer,F. Educational Guides,Guide Article,MEDIUM,New,N/A
How to Test Your Business Name Before Launch,How to Test Your Business Name Before Launch,/guides/test-business-name,How to Test Your Business Name Before Launch. Expert tips and practical advice.,Outer,F. Educational Guides,Guide Article,MEDIUM,New,N/A
Complete List of Handyman Skills,Complete List of Handyman Skills,/guides/handyman-skills,Complete List of Handyman Skills. Expert tips and practical advice.,Outer,F. Educational Guides,Guide Article,MEDIUM,Existing (update),N/A
Best Side Hustles for Women in 2026,Best Side Hustles for Women in 2026,/guides/side-hustles-for-women,Best Side Hustles for Women in 2026. Expert tips and practical advice.,Outer,F. Educational Guides,Guide Article,MEDIUM,Existing (update),N/A
How to Start + Jewelry Business,How to Start a Jewelry Business in 2026: Complete Guide,/start/jewelry-business,"Step-by-step guide to starting a jewelry business. Planning, costs, and tips.",Outer,G. How to Start Guides,Start Guide,MEDIUM,Existing (update),N/A
How to Start + Cleaning Business,How to Start a Cleaning Business in 2026: Complete Guide,/start/cleaning-business,"Step-by-step guide to starting a cleaning business. Planning, costs, and tips.",Outer,G. How to Start Guides,Start Guide,MEDIUM,New,N/A
How to Start + Photography Business,How to Start a Photography Business in 2026: Complete Guide,/start/photography-business,"Step-by-step guide to starting a photography business. Planning, costs, and tips.",Outer,G. How to Start Guides,Start Guide,MEDIUM,New,N/A
How to Start + Body Sculpting Business,How to Start a Body Sculpting Business in 2026: Complete Guide,/start/body-sculpting-business,"Step-by-step guide to starting a body sculpting business. Planning, costs, and tips.",Outer,G. How to Start Guides,Start Guide,MEDIUM,Existing (update),N/A
How to Start + Food Truck Business,How to Start a Food Truck Business in 2026: Complete Guide,/start/food-truck-business,"Step-by-step guide to starting a food truck business. Planning, costs, and tips.",Outer,G. How to Start Guides,Start Guide,MEDIUM,New,N/A
How to Start + Bakery Business,How to Start a Bakery Business in 2026: Complete Guide,/start/bakery-business,"Step-by-step guide to starting a bakery business. Planning, costs, and tips.",Outer,G. How to Start Guides,Start Guide,MEDIUM,New,N/A
How to Start + Salon Business,How to Start a Salon Business in 2026: Complete Guide,/start/salon-business,"Step-by-step guide to starting a salon business. Planning, costs, and tips.",Outer,G. How to Start Guides,Start Guide,MEDIUM,New,N/A
How to Start + Candle Business,How to Start a Candle Business in 2026: Complete Guide,/start/candle-business,"Step-by-step guide to starting a candle business. Planning, costs, and tips.",Outer,G. How to Start Guides,Start Guide,MEDIUM,New,N/A
How to Start + Craft Business,How to Start a Craft Business in 2026: Complete Guide,/start/craft-business,"Step-by-step guide to starting a craft business. Planning, costs, and tips.",Outer,G. How to Start Guides,Start Guide,MEDIUM,New,N/A
How to Start + Online Store Business,How to Start a Online Store Business in 2026: Complete Guide,/start/online-store-business,"Step-by-step guide to starting a online store business. Planning, costs, and tips.",Outer,G. How to Start Guides,Start Guide,MEDIUM,New,N/A
How to Start + Handyman Business,How to Start a Handyman Business in 2026: Complete Guide,/start/handyman-business,"Step-by-step guide to starting a handyman business. Planning, costs, and tips.",Outer,G. How to Start Guides,Start Guide,MEDIUM,New,N/A
How to Start + Restaurant Business,How to Start a Restaurant Business in 2026: Complete Guide,/start/restaurant-business,"Step-by-step guide to starting a restaurant business. Planning, costs, and tips.",Outer,G. How to Start Guides,Start Guide,MEDIUM,New,N/A
How to Start + Boutique Business,How to Start a Boutique Business in 2026: Complete Guide,/start/boutique-business,"Step-by-step guide to starting a boutique business. Planning, costs, and tips.",Outer,G. How to Start Guides,Start Guide,MEDIUM,New,N/A
Girly + Business Names,Girly Business Names: Girly & Memorable Ideas,/business-names/style/girly,"Discover girly business names. Creative, memorable, and brandable ideas for any industry.",Outer,H. Names by Style,Style Name Page,MEDIUM,Existing (update),500+
Boho + Business Names,Boho Business Names: Boho & Memorable Ideas,/business-names/style/boho,"Discover boho business names. Creative, memorable, and brandable ideas for any industry.",Outer,H. Names by Style,Style Name Page,MEDIUM,Existing (update),500+
Funny + Business Names,Funny Business Names: Funny & Memorable Ideas,/business-names/style/funny,"Discover funny business names. Creative, memorable, and brandable ideas for any industry.",Outer,H. Names by Style,Style Name Page,MEDIUM,New,500+
Professional + Business Names,Professional Business Names: Professional & Memorable Ideas,/business-names/style/professional,"Discover professional business names. Creative, memorable, and brandable ideas for any industry.",Outer,H. Names by Style,Style Name Page,MEDIUM,New,500+
Modern + Business Names,Modern Business Names: Modern & Memorable Ideas,/business-names/style/modern,"Discover modern business names. Creative, memorable, and brandable ideas for any industry.",Outer,H. Names by Style,Style Name Page,MEDIUM,New,500+
Vintage + Business Names,Vintage Business Names: Vintage & Memorable Ideas,/business-names/style/vintage,"Discover vintage business names. Creative, memorable, and brandable ideas for any industry.",Outer,H. Names by Style,Style Name Page,MEDIUM,New,500+
Creative + Business Names,Creative Business Names: Creative & Memorable Ideas,/business-names/style/creative,"Discover creative business names. Creative, memorable, and brandable ideas for any industry.",Outer,H. Names by Style,Style Name Page,MEDIUM,New,500+
Lucky + Business Names,Lucky Business Names: Lucky & Memorable Ideas,/business-names/style/lucky,"Discover lucky business names. Creative, memorable, and brandable ideas for any industry.",Outer,H. Names by Style,Style Name Page,MEDIUM,Existing (update),500+
One-Word + Business Names,One-Word Business Names: One-Word & Memorable Ideas,/business-names/style/one-word,"Discover one-word business names. Creative, memorable, and brandable ideas for any industry.",Outer,H. Names by Style,Style Name Page,MEDIUM,New,500+
Sister + Business Names,Sister Business Names: Sister & Memorable Ideas,/business-names/style/sister,"Discover sister business names. Creative, memorable, and brandable ideas for any industry.",Outer,H. Names by Style,Style Name Page,MEDIUM,Existing (update),500+
Cute + Business Names,Cute Business Names: Cute & Memorable Ideas,/business-names/style/cute,"Discover cute business names. Creative, memorable, and brandable ideas for any industry.",Outer,H. Names by Style,Style Name Page,MEDIUM,New,500+
Cool + Business Names,Cool Business Names: Cool & Memorable Ideas,/business-names/style/cool,"Discover cool business names. Creative, memorable, and brandable ideas for any industry.",Outer,H. Names by Style,Style Name Page,MEDIUM,New,500+
Elegant + Business Names,Elegant Business Names: Elegant & Memorable Ideas,/business-names/style/elegant,"Discover elegant business names. Creative, memorable, and brandable ideas for any industry.",Outer,H. Names by Style,Style Name Page,MEDIUM,New,500+
Unique + Business Names,Unique Business Names: Unique & Memorable Ideas,/business-names/style/unique,"Discover unique business names. Creative, memorable, and brandable ideas for any industry.",Outer,H. Names by Style,Style Name Page,MEDIUM,New,500+
